{"GroupId": -4470520382106153168, "SubGroups": [{"GroupId": -7798142622823594642, "SubGroups": [], "Type": "DefaultSite", "Name": "Chaves Identifica\u00e7\u00e3o"}, {"GroupId": 1035260424542974225, "SubGroups": [], "Type": "SiteGroup", "Name": "X-Decomissionamento"}, {"GroupId": -1897521872669502374, "SubGroups": [{"GroupId": -7170469302491052958, "SubGroups": [], "Type": "SiteGroup", "Name": "Diretoria"}], "Type": "OrganisationSubGroup", "Name": "Diretoria"}, {"GroupId": 4742452539202427387, "SubGroups": [{"GroupId": 374780315217813281, "SubGroups": [{"GroupId": 4536601700982873421, "SubGroups": [], "Type": "SiteGroup", "Name": "Veicul\u00e7os leves | Lider Pets"}], "Type": "OrganisationSubGroup", "Name": "L\u00edder Pets Ind. e Dist. - Contrato 0722/2022"}, {"GroupId": -2493457247819455099, "SubGroups": [], "Type": "SiteGroup", "Name": "L\u00edder Fomento Comercial \u2013 Contrato 004/2010"}, {"GroupId": -8014290638562475215, "SubGroups": [], "Type": "SiteGroup", "Name": "N\u00facleo Service Com. Serv. - Contrato 0920/2020"}, {"GroupId": 1213846448994344113, "SubGroups": [], "Type": "SiteGroup", "Name": "IPEM - Instituto de Pesos e Medidas - Contrato 003/2019"}, {"GroupId": -4003960381355060221, "SubGroups": [], "Type": "SiteGroup", "Name": "HP Transportes Coletivos - Contrato 003/2010"}, {"GroupId": -3854482210585404207, "SubGroups": [], "Type": "SiteGroup", "Name": "Goi\u00e1s Minas|ITALAC - Contrato 15/2022"}, {"GroupId": 5023030061714458538, "SubGroups": [], "Type": "SiteGroup", "Name": "Geogis Geotecnologia Ltda - Contrato 2121/2021"}, {"GroupId": 972787660698059505, "SubGroups": [], "Type": "SiteGroup", "Name": "GAV - Piren\u00f3polis Empr. Imob. - Contrato 1822/2022"}, {"GroupId": -3953154713245471052, "SubGroups": [], "Type": "SiteGroup", "Name": "Franca e Pereira Ltda \u2013 Contrato 003/2009"}, {"GroupId": 2255904427484205402, "SubGroups": [{"GroupId": 2216102801221190543, "SubGroups": [], "Type": "SiteGroup", "Name": "Express Reforma Com. Pneus Ltda - Contrato 0321/2021"}], "Type": "OrganisationSubGroup", "Name": "Express Reforma Com. Pneus - Contrato 0321/2021"}, {"GroupId": -6046824014623158242, "SubGroups": [{"GroupId": -2069065541968025613, "SubGroups": [], "Type": "SiteGroup", "Name": "Elcop Engenharia | VW | GOL / SAVEIRO"}], "Type": "OrganisationSubGroup", "Name": "Elcop engenharia - Contrato 1621/2021"}, {"GroupId": 8270795255485615309, "SubGroups": [{"GroupId": 9046483028187811513, "SubGroups": [], "Type": "SiteGroup", "Name": "Car Sharing"}], "Type": "OrganisationSubGroup", "Name": "Car Sharing - Carros Leves"}, {"GroupId": 177188934864071322, "SubGroups": [{"GroupId": 2012346002521307811, "SubGroups": [], "Type": "SiteGroup", "Name": "Carros por Assinatura DF"}, {"GroupId": -6758500671267985759, "SubGroups": [], "Type": "SiteGroup", "Name": "Carros por Assinatura (GO)"}], "Type": "OrganisationSubGroup", "Name": "Carros por assinatura"}, {"GroupId": 8754404507943653733, "SubGroups": [], "Type": "SiteGroup", "Name": "Agromais Agropecu\u00e1ria - Contrato 0322/2022"}, {"GroupId": -3618844281169770077, "SubGroups": [], "Type": "SiteGroup", "Name": "Bar\u00e3o Especialidades - Contrato 2021/2021"}, {"GroupId": 2649213566067616211, "SubGroups": [], "Type": "SiteGroup", "Name": "Bold Ent. - Contrato 2521/2021"}, {"GroupId": -5569885853919757548, "SubGroups": [{"GroupId": 2001915752393601226, "SubGroups": [], "Type": "SiteGroup", "Name": "Conferencia"}, {"GroupId": -2671268740110258826, "SubGroups": [], "Type": "SiteGroup", "Name": "Chaves"}, {"GroupId": 4083680894683764691, "SubGroups": [], "Type": "SiteGroup", "Name": "Teste"}], "Type": "OrganisationSubGroup", "Name": "Chaves Identifica\u00e7\u00e3o"}, {"GroupId": 7747947198245375083, "SubGroups": [{"GroupId": -479732387492744849, "SubGroups": [], "Type": "SiteGroup", "Name": "COMING"}, {"GroupId": 6512834416636961151, "SubGroups": [], "Type": "SiteGroup", "Name": "Volvo Caminh\u00f5es"}, {"GroupId": -4005931863403989391, "SubGroups": [], "Type": "SiteGroup", "Name": "COMING - VW Caminh\u00f5es"}, {"GroupId": 4866031957517874761, "SubGroups": [], "Type": "SiteGroup", "Name": "COMING - Ve\u00edculos Leves"}, {"GroupId": 8130374415872926880, "SubGroups": [], "Type": "SiteGroup", "Name": "Motoristas desligados - Coming"}], "Type": "OrganisationSubGroup", "Name": "Coming"}, {"GroupId": -5662349206080476942, "SubGroups": [{"GroupId": 1198864223396416536, "SubGroups": [{"GroupId": -4172084559491893640, "SubGroups": [], "Type": "SiteGroup", "Name": "Motocicletas Comurg"}, {"GroupId": -6024299711094717560, "SubGroups": [], "Type": "SiteGroup", "Name": "Ve\u00edculos Leves Comurg"}], "Type": "OrganisationSubGroup", "Name": "Motoristas Comurg"}, {"GroupId": 2626638784184427061, "SubGroups": [{"GroupId": -4946865662683077151, "SubGroups": [], "Type": "SiteGroup", "Name": "P.A ATERRO PIPA"}, {"GroupId": -1886114701365768197, "SubGroups": [], "Type": "SiteGroup", "Name": "P.A ATERRO REMO\u00c7\u00c3O"}, {"GroupId": -3970591747563061003, "SubGroups": [], "Type": "SiteGroup", "Name": "P.A ATERRO/ PODA"}, {"GroupId": 5497042658241138861, "SubGroups": [], "Type": "SiteGroup", "Name": "P.A JD COLORADO"}, {"GroupId": 5323956580203673507, "SubGroups": [], "Type": "SiteGroup", "Name": "P.A JD GOI\u00c1S"}, {"GroupId": -818744526408838928, "SubGroups": [], "Type": "SiteGroup", "Name": "P.A JD NV MUNDO"}, {"GroupId": -7487726250977064429, "SubGroups": [], "Type": "SiteGroup", "Name": "P.A JD POMPEIA"}, {"GroupId": 5541984639475030545, "SubGroups": [], "Type": "SiteGroup", "Name": "P.A JD AM\u00c9RICA"}, {"GroupId": 8519335796171147545, "SubGroups": [], "Type": "SiteGroup", "Name": "P.A JD BALNEARIO MEIA PONTE"}, {"GroupId": -7271666463793609105, "SubGroups": [], "Type": "SiteGroup", "Name": "P.A VILA KATIA"}, {"GroupId": -6871966315039134684, "SubGroups": [], "Type": "SiteGroup", "Name": "P.A VIVEIRO ATERRO"}, {"GroupId": 7730257298649701226, "SubGroups": [], "Type": "SiteGroup", "Name": "P.A VL AURORA"}, {"GroupId": -3571164861665811601, "SubGroups": [], "Type": "SiteGroup", "Name": "P.A VL REDEN\u00c7\u00c3O"}, {"GroupId": -4915262059516170989, "SubGroups": [], "Type": "SiteGroup", "Name": "VIVEIRO NV MUNDO"}, {"GroupId": 1004176062891597217, "SubGroups": [], "Type": "SiteGroup", "Name": "Vans Comurg"}, {"GroupId": 8005316238669181839, "SubGroups": [], "Type": "SiteGroup", "Name": "Coleta Seletiva"}, {"GroupId": -3171622106428050638, "SubGroups": [], "Type": "SiteGroup", "Name": "Obras"}, {"GroupId": -3577644841124607899, "SubGroups": [], "Type": "SiteGroup", "Name": "Ve\u00edculos leves ITA"}], "Type": "OrganisationSubGroup", "Name": "Motoristas ITA Comurg"}, {"GroupId": -8014675518010671790, "SubGroups": [{"GroupId": 1327104690677465676, "SubGroups": [], "Type": "SiteGroup", "Name": "X - Ve\u00edculos Descomissionados COMURG"}], "Type": "OrganisationSubGroup", "Name": "X - Comurg"}, {"GroupId": -8003044743394010868, "SubGroups": [], "Type": "SiteGroup", "Name": "Reserva Comurg"}], "Type": "OrganisationSubGroup", "Name": "Comurg - Contrato 016/2020"}, {"GroupId": 557879891287849225, "SubGroups": [], "Type": "SiteGroup", "Name": "Concebra - Contrato 0009/2021"}, {"GroupId": -324759990637109818, "SubGroups": [], "Type": "SiteGroup", "Name": "Confrex Tec. Veicular \u2013 Contrato 2222/2022"}, {"GroupId": -3239326434574427645, "SubGroups": [], "Type": "SiteGroup", "Name": "Dolp Engenharia - Contrato 2322/2022"}, {"GroupId": -443358439161058748, "SubGroups": [], "Type": "SiteGroup", "Name": "DS Facility Ltda \u2013 Contrato 2122/2022"}, {"GroupId": -2162832732614166908, "SubGroups": [], "Type": "SiteGroup", "Name": "Enebra"}, {"GroupId": 6788914570235391349, "SubGroups": [{"GroupId": 23765357375966156, "SubGroups": [], "Type": "SiteGroup", "Name": "X - Ve\u00edculos Descomissionados PREFEITURA"}, {"GroupId": 1850130945672725815, "SubGroups": [{"GroupId": -7069230783199030691, "SubGroups": [], "Type": "SiteGroup", "Name": "Secult"}, {"GroupId": -5412816880747808538, "SubGroups": [], "Type": "SiteGroup", "Name": "Semas"}, {"GroupId": -4847893680920860151, "SubGroups": [], "Type": "SiteGroup", "Name": "SMT X"}], "Type": "OrganisationSubGroup", "Name": "Motorista Prefeitura"}, {"GroupId": 5678875819399371543, "SubGroups": [{"GroupId": -1739771196869686183, "SubGroups": [], "Type": "SiteGroup", "Name": "Seplahn"}, {"GroupId": 9158602691741559192, "SubGroups": [], "Type": "SiteGroup", "Name": "SMT"}, {"GroupId": -791230744750944838, "SubGroups": [], "Type": "SiteGroup", "Name": "Seinfra"}, {"GroupId": -97937826732987865, "SubGroups": [], "Type": "SiteGroup", "Name": "Amma"}, {"GroupId": -1738359709490738611, "SubGroups": [], "Type": "SiteGroup", "Name": "Agetul"}], "Type": "OrganisationSubGroup", "Name": "Motorista ITA"}], "Type": "OrganisationSubGroup", "Name": "Prefeitura de Goi\u00e2nia - Contrato 006/2020"}, {"GroupId": 1875493057980927219, "SubGroups": [], "Type": "SiteGroup", "Name": "Prospec Cell Ltda - Contrato 2022/2022"}, {"GroupId": -6010400954576453906, "SubGroups": [], "Type": "SiteGroup", "Name": "Redemob Consorcio \u2013 Contrato 003/2009"}, {"GroupId": -5548678650793849181, "SubGroups": [], "Type": "SiteGroup", "Name": "Rotagyn - Contrato 1221/2021"}, {"GroupId": -7029390404356188428, "SubGroups": [], "Type": "SiteGroup", "Name": "Teclog Fleet Management - Contrato 0520/2020"}, {"GroupId": -3289933666444549571, "SubGroups": [], "Type": "SiteGroup", "Name": "X - Encerramento de Contrato"}, {"GroupId": 6422044735400373668, "SubGroups": [{"GroupId": 1254055018446163579, "SubGroups": [], "Type": "SiteGroup", "Name": "URBAN TECNOLOGIA"}], "Type": "OrganisationSubGroup", "Name": "Urban Tecnologia - Contrato 1021/2021"}, {"GroupId": 2071131565808374151, "SubGroups": [{"GroupId": 3813324683448662350, "SubGroups": [{"GroupId": 6732195276496402050, "SubGroups": [], "Type": "SiteGroup", "Name": "Demitidos"}, {"GroupId": -5378555307343817869, "SubGroups": [], "Type": "SiteGroup", "Name": "ITA Geral"}, {"GroupId": -6567635825991296939, "SubGroups": [], "Type": "SiteGroup", "Name": "Chaves Reservas"}, {"GroupId": 8661686622638438227, "SubGroups": [], "Type": "SiteGroup", "Name": "ITA | APOIO ENEL"}], "Type": "OrganisationSubGroup", "Name": "Chaves ITA Geral"}, {"GroupId": -7922190271186650748, "SubGroups": [{"GroupId": -2122414844847625082, "SubGroups": [], "Type": "SiteGroup", "Name": "Ve\u00edculos | Manuten\u00e7\u00e3o ITA"}, {"GroupId": 5498951114344810619, "SubGroups": [], "Type": "SiteGroup", "Name": "Chaves | Manuten\u00e7\u00e3o"}], "Type": "OrganisationSubGroup", "Name": "Manuten\u00e7\u00e3o ITA"}, {"GroupId": -4790251504295895515, "SubGroups": [{"GroupId": 7311576405479690441, "SubGroups": [{"GroupId": -9172015645294182986, "SubGroups": [], "Type": "SiteGroup", "Name": "SANEAGO"}, {"GroupId": 3658497994113917217, "SubGroups": [], "Type": "SiteGroup", "Name": "SANEAGO RESERVA"}], "Type": "OrganisationSubGroup", "Name": "Saneago - Contrato 30000206/2021"}, {"GroupId": 5819285203214464495, "SubGroups": [{"GroupId": -5226936218104659305, "SubGroups": [], "Type": "SiteGroup", "Name": "Escolar - ITA"}], "Type": "OrganisationSubGroup", "Name": "Educa\u00e7\u00e3o - ITA Contrato 014/2016"}], "Type": "OrganisationSubGroup", "Name": "Transporte Compartilhado (Telemetria)"}, {"GroupId": 3749574125299682114, "SubGroups": [], "Type": "SiteGroup", "Name": "CSC ITA"}], "Type": "OrganisationSubGroup", "Name": "ITA Transportes"}, {"GroupId": -8105213982897744138, "SubGroups": [{"GroupId": 4964253932747030314, "SubGroups": [{"GroupId": -149952156239475139, "SubGroups": [], "Type": "SiteGroup", "Name": "Projetos Sustentabilidade Brasil | ENEL | Ricardo Wayne Veras Barros"}], "Type": "OrganisationSubGroup", "Name": "Sust. Br - PSB"}, {"GroupId": -2841654326447774211, "SubGroups": [{"GroupId": -6163203142997941103, "SubGroups": [], "Type": "SiteGroup", "Name": "Seguran\u00e7a Patrimonial Inteligencia Ope | ENEL | Johnathan Da Costa De Jesus"}], "Type": "OrganisationSubGroup", "Name": "SSGB - Seg Pat Inte Op"}, {"GroupId": -3718430322097574270, "SubGroups": [{"GroupId": 2854676323443310415, "SubGroups": [], "Type": "SiteGroup", "Name": "GM S-10 Diesel C.D (RESERVA) | ENEL"}, {"GroupId": -4737528608870156465, "SubGroups": [], "Type": "SiteGroup", "Name": "GM S-10 Diesel C.S (RESERVA) | ENEL"}, {"GroupId": 4566226322895671743, "SubGroups": [], "Type": "SiteGroup", "Name": "GM S-10 FLEX (RESERVA) | ENEL"}, {"GroupId": -8424714069793659130, "SubGroups": [], "Type": "SiteGroup", "Name": "VW SAVEIRO (RESERVA) | ENEL"}, {"GroupId": -4186328182692565013, "SubGroups": [], "Type": "SiteGroup", "Name": "VW GOL (RESERVA)  | ENEL"}, {"GroupId": 862395964133863516, "SubGroups": [], "Type": "SiteGroup", "Name": "VW SPACEFOX (RESERVA) | ENEL"}], "Type": "OrganisationSubGroup", "Name": "Reserva ENEL"}, {"GroupId": -167501652242834713, "SubGroups": [{"GroupId": 1045189079639096866, "SubGroups": [], "Type": "SiteGroup", "Name": "Clientes de Governo | ENEL | Vinicius Jose De Bessa Silva"}, {"GroupId": -7594038987306170259, "SubGroups": [], "Type": "SiteGroup", "Name": "Grandes Clientes | ENEL | Marcelo Mundim Resende"}], "Type": "OrganisationSubGroup", "Name": "Mercado - GC e G"}, {"GroupId": -4544330332920423726, "SubGroups": [{"GroupId": 5908836748219873946, "SubGroups": [], "Type": "SiteGroup", "Name": "Atendimento Presencial | ENEL | Lucianna Maria Rebou\u00e7as Garcia Brito"}, {"GroupId": -3231775824760245869, "SubGroups": [], "Type": "SiteGroup", "Name": "Atendimento Presencial | ENEL | Filipe Luis Marafon Pereira"}, {"GroupId": -1695083686606923450, "SubGroups": [], "Type": "SiteGroup", "Name": "Atendimento Presencial | ENEL | Beatriz De F\u00e1tima Silva Sousa"}, {"GroupId": 4472244345365221757, "SubGroups": [], "Type": "SiteGroup", "Name": "Atendimento Presencial | ENEL | Fernando Ferreira Da Silva"}, {"GroupId": 2838045813924358460, "SubGroups": [], "Type": "SiteGroup", "Name": "Atendimento Presencial | ENEL | Rodrigo Zielke Schio"}, {"GroupId": 7860346149266455882, "SubGroups": [], "Type": "SiteGroup", "Name": "Atendimento Presencial | ENEL | Paulyana Aparecida De Freitas"}, {"GroupId": 5211853719041079877, "SubGroups": [], "Type": "SiteGroup", "Name": "Atendimento Presencial | ENEL | Jose Ronaldo Soares Pereira"}, {"GroupId": 6538109981453421952, "SubGroups": [], "Type": "SiteGroup", "Name": "Atendimento Presencial | ENEL | Edsione Vieira Da Silva"}, {"GroupId": 5959201818291378274, "SubGroups": [], "Type": "SiteGroup", "Name": "Atendimento Presencial | ENEL | Airton Coutinho Neto Pelissari"}, {"GroupId": 5344979115795782132, "SubGroups": [], "Type": "SiteGroup", "Name": "Atendimento Presencial | ENEL | Fernando Pires da Silva"}], "Type": "OrganisationSubGroup", "Name": "Mercado - Clientes"}, {"GroupId": -6939685110909311295, "SubGroups": [{"GroupId": 2187030004336207827, "SubGroups": [], "Type": "SiteGroup", "Name": "Diretoria de Mercado | ENEL | Juliana Saie Matsutani"}], "Type": "OrganisationSubGroup", "Name": "Mercado"}, {"GroupId": -8845799238267691994, "SubGroups": [{"GroupId": -2335738800392673969, "SubGroups": [], "Type": "SiteGroup", "Name": "Diretoria Infraestrutura e Redes | ENEL"}], "Type": "OrganisationSubGroup", "Name": "Infraes e Redes"}, {"GroupId": 3884901299548487161, "SubGroups": [{"GroupId": -4247554849447530126, "SubGroups": [], "Type": "SiteGroup", "Name": "Telecomunication | ENEL | Eloidis De Paula Mendon\u00e7a Junior"}], "Type": "OrganisationSubGroup", "Name": "ICT - Telecom"}, {"GroupId": -2241302771575302474, "SubGroups": [{"GroupId": 8513428742971070195, "SubGroups": [], "Type": "SiteGroup", "Name": "Licenciamento & Fundi\u00e1rio | ENEL | Marcos Paulo Dos Santos Pereira"}, {"GroupId": -8516854631767762604, "SubGroups": [], "Type": "SiteGroup", "Name": "Manuten\u00e7\u00e3o | ENEL"}, {"GroupId": -3040554920373429595, "SubGroups": [], "Type": "SiteGroup", "Name": "Obras | ENEL | Sergio Arantes"}, {"GroupId": -7357352146032231097, "SubGroups": [], "Type": "SiteGroup", "Name": "Projetos | ENEL | Emerson Da Paz Moreira"}, {"GroupId": -1859883704914141240, "SubGroups": [], "Type": "SiteGroup", "Name": "Reg. Formosa | ENEL | Ronan Alexsander Nunes de Souza"}, {"GroupId": 6931206809278083577, "SubGroups": [], "Type": "SiteGroup", "Name": "Reg. Goi\u00e2nia | ENEL | Claudio Henrique Bezerra Azevedo"}, {"GroupId": 2651369356000742853, "SubGroups": [], "Type": "SiteGroup", "Name": "Reg. Ipor\u00e1 |ENEL | Elias Daniel Nunes"}, {"GroupId": -8848261453960240503, "SubGroups": [], "Type": "SiteGroup", "Name": "Reg. Morrinhos | ENEL | Ricardo Lemes De Almeida"}, {"GroupId": -5175264505709396869, "SubGroups": [], "Type": "SiteGroup", "Name": "Reg. Rio Verde | ENEL | Pablo Fernando Santana De Brito"}, {"GroupId": 9220988655456267216, "SubGroups": [], "Type": "SiteGroup", "Name": "Reg. Urua\u00e7u | ENEL | Maurinandes Silva Borges"}, {"GroupId": 6393847151263892683, "SubGroups": [], "Type": "SiteGroup", "Name": "Engenharia da manuten\u00e7\u00e3o | ENEL | Claudio Henrique Bezerra Azevedo"}, {"GroupId": 1819928672589705562, "SubGroups": [], "Type": "SiteGroup", "Name": "Reg. Formosa | ENEL | Bruno Gomes Dutra"}], "Type": "OrganisationSubGroup", "Name": "I&N - Unidade AT"}, {"GroupId": 8737308756131262301, "SubGroups": [{"GroupId": -4838582928716667032, "SubGroups": [], "Type": "SiteGroup", "Name": "Cort/Relig. Conex\u00f5es. emerg. manut Ipor\u00e1 | ENEL | Cristiano Divino Honorato"}, {"GroupId": -3702849774639981478, "SubGroups": [], "Type": "SiteGroup", "Name": "Cort/Relig. Conex\u00f5es. Emerg. Manut Anap | ENEL | Rog\u00e9rio Miguel Sarno"}, {"GroupId": -1414079138039020297, "SubGroups": [], "Type": "SiteGroup", "Name": "Obras Anap\u00f3lis | ENEL | Irames Fernandes De Sousa"}, {"GroupId": 5950314751158218493, "SubGroups": [], "Type": "SiteGroup", "Name": "Obras Ipor\u00e1 | ENEL | Cristiano Divino Honorato"}, {"GroupId": -3472122314673778413, "SubGroups": [], "Type": "SiteGroup", "Name": "Regional An\u00e1polis | ENEL"}, {"GroupId": -4915006736392172369, "SubGroups": [], "Type": "SiteGroup", "Name": "Regional Formosa | ENEL | Fernando Gomes Caldas"}, {"GroupId": -8991321976228886839, "SubGroups": [], "Type": "SiteGroup", "Name": "Regional Goi\u00e2nia | ENEL | Reginaldo da Silva Santos"}, {"GroupId": 6635160404932915698, "SubGroups": [], "Type": "SiteGroup", "Name": "Regional Ipor\u00e1 | ENEL | Mois\u00e9s Lemes"}, {"GroupId": 2581652177913300807, "SubGroups": [], "Type": "SiteGroup", "Name": "Regional Luzi\u00e2nia | ENEL | P\u00e2mela Vieira Barros"}, {"GroupId": -5845311124531140405, "SubGroups": [], "Type": "SiteGroup", "Name": "Regional Metropolitana | ENEL | Gustavo Pereira"}, {"GroupId": -769001290968937862, "SubGroups": [], "Type": "SiteGroup", "Name": "Regional Morrinhos | ENEL | Mauricio Junior"}, {"GroupId": 7528153260045951922, "SubGroups": [], "Type": "SiteGroup", "Name": "Regional Rio Verde | ENEL | Wagner Pereira De Carvalho"}, {"GroupId": -4344905861122826211, "SubGroups": [], "Type": "SiteGroup", "Name": "Unidade Operativa MT/BT Centro | ENEL"}, {"GroupId": -6261976840512684491, "SubGroups": [], "Type": "SiteGroup", "Name": "Unidade Operativa MT/BT Norte | ENEL | Jose Janu\u00e1rio De Oliveira Neto"}, {"GroupId": -7588689417094265477, "SubGroups": [], "Type": "SiteGroup", "Name": "Unidade Operativa MT/BT Sul | ENEL | Marcello Abreu Patrizzi"}, {"GroupId": -954445235438306359, "SubGroups": [], "Type": "SiteGroup", "Name": "Cort/Relig. Conex\u00f5es. emerg. manut Urua\u00e7u | ENEL | Jean Carlos De Souza"}, {"GroupId": 2408230668551902848, "SubGroups": [], "Type": "SiteGroup", "Name": "Cort/Relig. Conex\u00f5es. emerg. manut Morrin | ENEL | William Henrique Barbosa"}, {"GroupId": 5876319131062498138, "SubGroups": [], "Type": "SiteGroup", "Name": "Obras Morrinhos | ENEL | Andre Luis Jacob"}, {"GroupId": 5232409563247042970, "SubGroups": [], "Type": "SiteGroup", "Name": "Cort/Relig. Conex\u00f5es. emerg. manut R.Ver | ENEL | Rodrigo Guimar\u00e3es Carvalho"}, {"GroupId": 1127853557513989996, "SubGroups": [], "Type": "SiteGroup", "Name": "Obras Rio Verde | ENEL | Fernando Souto"}, {"GroupId": 7400076758824321479, "SubGroups": [], "Type": "SiteGroup", "Name": "Obras Urua\u00e7u | ENEL | Jean Carlos De Souza"}, {"GroupId": 32776495343729107, "SubGroups": [], "Type": "SiteGroup", "Name": "Regional Urua\u00e7u | ENEL | Jean Carlos De Souza"}, {"GroupId": -6721493670174283155, "SubGroups": [], "Type": "SiteGroup", "Name": "Cort/Relig. Conex\u00f5es. emerg. manut Morrin | ENEL | Lannder Raul Martins"}, {"GroupId": -1804932362989024413, "SubGroups": [], "Type": "SiteGroup", "Name": "Cort/Relig. Conex\u00f5es. emerg. manut Morrin | ENEL | Marcos Vin\u00edcius Bezerra"}, {"GroupId": 2556229948817019931, "SubGroups": [], "Type": "SiteGroup", "Name": "Regional Rio Verde | ENEL | Rodrigo Guimar\u00e3es Carvalho"}, {"GroupId": -8053140984220733165, "SubGroups": [], "Type": "SiteGroup", "Name": "Regional Rio Verde | ENEL | Elio Rodrigues De Freitas"}, {"GroupId": 6468330714158001653, "SubGroups": [], "Type": "SiteGroup", "Name": "Regional Rio Verde | ENEL | Fernando Lucas Borges Da Silva"}, {"GroupId": 1670340653860586055, "SubGroups": [], "Type": "SiteGroup", "Name": "Unidade Operativa MT/BT Norte | ENEL | P\u00e2mela Vieira Barros"}, {"GroupId": -7790394819206474696, "SubGroups": [], "Type": "SiteGroup", "Name": "Unidade Operativa MT/BT Sul | ENEL | Keison Thurler"}, {"GroupId": 7829882398326764794, "SubGroups": [], "Type": "SiteGroup", "Name": "Regional Morrinhos | ENEL | Ademir Alceb\u00edades"}], "Type": "OrganisationSubGroup", "Name": "I&N - Un. Op. MT/BT |"}, {"GroupId": -7741132022887124323, "SubGroups": [{"GroupId": 7172709611255178054, "SubGroups": [], "Type": "SiteGroup", "Name": "Sa\u00fade Seguran\u00e7a e Meio Ambiente | ENEL | Johjan Alberto Isaza Barrios"}], "Type": "OrganisationSubGroup", "Name": "I&N - Seg MA e Qualid"}, {"GroupId": 1119158073150963153, "SubGroups": [{"GroupId": -7832043242802574089, "SubGroups": [], "Type": "SiteGroup", "Name": "Centro de Opera\u00e7\u00e3o da Rede MT-BT(COD) | ENEL"}, {"GroupId": -617813928248733822, "SubGroups": [], "Type": "SiteGroup", "Name": "Centro de Opera\u00e7\u00e3o do Sistema AT (COS) | ENEL"}, {"GroupId": 5843479812032204152, "SubGroups": [], "Type": "SiteGroup", "Name": "Gest\u00e3o da Infor T\u00e9cn e Geoprocessamento | ENEL"}, {"GroupId": -7044160993911876545, "SubGroups": [], "Type": "SiteGroup", "Name": "Opera\u00e7\u00e3o da Rede El\u00e9trica | ENEL | Nivaldo Rodrigues Da Cunha"}, {"GroupId": 7420690180228918752, "SubGroups": [], "Type": "SiteGroup", "Name": "Sistemas T\u00e9cnicos | ENEL"}], "Type": "OrganisationSubGroup", "Name": "I&N - Op e Manut |"}, {"GroupId": 7066745582541482006, "SubGroups": [{"GroupId": -373977239245860099, "SubGroups": [], "Type": "SiteGroup", "Name": "Novas Conex\u00f5es e Opera\u00e7\u00f5es Comerciais | ENEL | Abra\u00e3o Alc\u00e2ntara De Sousa"}, {"GroupId": 4150284497639144238, "SubGroups": [], "Type": "SiteGroup", "Name": "Opera\u00e7\u00f5es de Perdas N\u00e3o T\u00e9cnicas Centro | ENEL | Fredner Leandro Cardoso"}, {"GroupId": -8227090586734912555, "SubGroups": [], "Type": "SiteGroup", "Name": "Tecnologia. Medi\u00e7\u00e3o e Balan\u00e7o Energ\u00e9tico | ENEL | Reivanderson Cabral De Assis"}, {"GroupId": 1437981349615039624, "SubGroups": [], "Type": "SiteGroup", "Name": "Comercial Service | ENEL | Marlon Torres Perreira"}, {"GroupId": 4497167750108410585, "SubGroups": [], "Type": "SiteGroup", "Name": "Tecnologia. Medi\u00e7\u00e3o e Balan\u00e7o Energ\u00e9tico | ENEL | Thiago Dorneles Siqueira"}], "Type": "OrganisationSubGroup", "Name": "I&N - Op Com De Rede"}, {"GroupId": -1222131202504540822, "SubGroups": [{"GroupId": 5621231320808082920, "SubGroups": [], "Type": "SiteGroup", "Name": "Engenharia e Obras de MT | ENEL | Rodrigo Seixas De Carvalho"}], "Type": "OrganisationSubGroup", "Name": "I&N - Desenv. de Rede |"}, {"GroupId": 1945030531553257404, "SubGroups": [{"GroupId": -1295045109083721357, "SubGroups": [], "Type": "SiteGroup", "Name": "Motoristas | ENEL"}, {"GroupId": -8698402451911141386, "SubGroups": [], "Type": "SiteGroup", "Name": "CHAVES PERDIDAS | ENEL"}], "Type": "OrganisationSubGroup", "Name": "Chaves de Identifica\u00e7\u00e3o"}], "Type": "OrganisationSubGroup", "Name": "Enel - Contrato 201273/2018"}, {"GroupId": 5827862032011378671, "SubGroups": [{"GroupId": -551565972392660925, "SubGroups": [], "Type": "SiteGroup", "Name": "X - Ve\u00edculos Descomissionados JC"}, {"GroupId": -5853200364056897124, "SubGroups": [{"GroupId": -1503723276377177254, "SubGroups": [], "Type": "SiteGroup", "Name": "Telejornalismo An\u00e1polis"}, {"GroupId": -4633512183140633240, "SubGroups": [], "Type": "SiteGroup", "Name": "Manuten\u00e7\u00e3o Torre An\u00e1polis"}], "Type": "OrganisationSubGroup", "Name": "TV TOCANTINS LTDA - GJC"}, {"GroupId": -1541039347729543207, "SubGroups": [{"GroupId": -5516634414570313781, "SubGroups": [], "Type": "SiteGroup", "Name": "Ger\u00eancia Comercial Luzi\u00e2nia"}, {"GroupId": -3377426970788557962, "SubGroups": [], "Type": "SiteGroup", "Name": "Telejornalismo Luzi\u00e2nia"}, {"GroupId": 4503602780567332890, "SubGroups": [], "Type": "SiteGroup", "Name": "Manuten\u00e7\u00e3o Torre Luzi\u00e2nia"}], "Type": "OrganisationSubGroup", "Name": "TV LUZI\u00c2NIA LTDA - GJC"}, {"GroupId": 3083542293088731016, "SubGroups": [{"GroupId": 4140431757001596307, "SubGroups": [], "Type": "SiteGroup", "Name": "Ger\u00eancia Comercial  Rio Verde"}, {"GroupId": 8423642297667051302, "SubGroups": [], "Type": "SiteGroup", "Name": "Telejornalismo Rio Verde"}, {"GroupId": 7644831328201490309, "SubGroups": [], "Type": "SiteGroup", "Name": "Manuten\u00e7\u00e3o Rio Verde"}], "Type": "OrganisationSubGroup", "Name": "TELEVIS\u00c3O RIVIERA LTDA - GJC"}, {"GroupId": 2744931076192844068, "SubGroups": [{"GroupId": -3659183046044872572, "SubGroups": [], "Type": "SiteGroup", "Name": "Ger\u00eancia Comercial Jata\u00ed - GJC"}, {"GroupId": -625600708147633038, "SubGroups": [], "Type": "SiteGroup", "Name": "Telejornalismo Jata\u00ed"}, {"GroupId": -4170820692981504051, "SubGroups": [], "Type": "SiteGroup", "Name": "Manuten\u00e7\u00e3o Torre Jata\u00ed"}], "Type": "OrganisationSubGroup", "Name": "TELEVIS\u00c3O RIO FORMOSO LTDA - JATA\u00cd - GJC"}, {"GroupId": -124603374141201726, "SubGroups": [{"GroupId": 7053751176427470527, "SubGroups": [], "Type": "SiteGroup", "Name": "Telejornalismo Gurupi - GJC"}, {"GroupId": 6407691880960334347, "SubGroups": [], "Type": "SiteGroup", "Name": "Manuten\u00e7\u00e3o Torre Gurupi - GJC"}], "Type": "OrganisationSubGroup", "Name": "TELEVIS\u00c3O RIO FORMOSO LTDA - GJC"}, {"GroupId": -5207496175559676900, "SubGroups": [{"GroupId": 9126772472126136916, "SubGroups": [], "Type": "SiteGroup", "Name": "Manuten\u00e7\u00e3o Torre Porangatu - GJC"}, {"GroupId": -4111771299608182289, "SubGroups": [], "Type": "SiteGroup", "Name": "Telejornalismo Porangatu - GJC"}], "Type": "OrganisationSubGroup", "Name": "TELEVIS\u00c3O PLANALTO CENTRAL LTDA - GJC"}, {"GroupId": 3036013140122778755, "SubGroups": [{"GroupId": 6063851918033397147, "SubGroups": [], "Type": "SiteGroup", "Name": "Ger\u00eancia Comercial Catal\u00e3o - GJC"}, {"GroupId": -1555906861964068022, "SubGroups": [], "Type": "SiteGroup", "Name": "Telejornalismo Catal\u00e3o - GJC"}], "Type": "OrganisationSubGroup", "Name": "TELEVIS\u00c3O PIRAPITINGA LTDA - GJC"}, {"GroupId": -3830619067048103351, "SubGroups": [{"GroupId": 8634699058763268978, "SubGroups": [], "Type": "SiteGroup", "Name": "Engenharia Goi\u00e2nia - GJC"}, {"GroupId": 7508667602409017663, "SubGroups": [], "Type": "SiteGroup", "Name": "Portal G1 - GJC"}, {"GroupId": 5456335536300011560, "SubGroups": [], "Type": "SiteGroup", "Name": "Telejornalismo Goi\u00e2nia - GJC"}, {"GroupId": -4448771645899527533, "SubGroups": [], "Type": "SiteGroup", "Name": "Produ\u00e7\u00e3o e Eventos - GJC"}, {"GroupId": -6051427397369800435, "SubGroups": [], "Type": "SiteGroup", "Name": "Tv. Anhanguera Produ\u00e7\u00e3o - GJC"}, {"GroupId": 7057612562582105076, "SubGroups": [], "Type": "SiteGroup", "Name": "Manuten\u00e7\u00e3o Predial - GJC"}], "Type": "OrganisationSubGroup", "Name": "TELEVIS\u00c3O ANHANGUERA S/A - GOI\u00c2NIA - GJC"}, {"GroupId": -6896419494410659461, "SubGroups": [{"GroupId": -1183531907450037751, "SubGroups": [], "Type": "SiteGroup", "Name": "Manuten\u00e7\u00e3o Torre Tocantin\u00f3polis - GJC"}, {"GroupId": -6755744627204797116, "SubGroups": [], "Type": "SiteGroup", "Name": "Telejornalismo Aragua\u00edna - GJC"}], "Type": "OrganisationSubGroup", "Name": "TELEVIS\u00c3O ANHANGUERA DE ARAGUAINA LTDA - GJC"}, {"GroupId": 6459287203214241164, "SubGroups": [{"GroupId": -7557944010095388812, "SubGroups": [], "Type": "SiteGroup", "Name": "Ger\u00eancia Comercial Itumbiara - GJC"}, {"GroupId": 1047489279988213847, "SubGroups": [], "Type": "SiteGroup", "Name": "Telejornalismo Itumbiara - GJC"}, {"GroupId": 1495990265733027136, "SubGroups": [], "Type": "SiteGroup", "Name": "Manuten\u00e7\u00e3o Torre Itumbiara - GJC"}], "Type": "OrganisationSubGroup", "Name": "SPC SISTEMA PARANAINA DE COMUNICA\u00c7\u00c3O - GJC"}, {"GroupId": -7026216218609869664, "SubGroups": [{"GroupId": 4392341475953044404, "SubGroups": [], "Type": "SiteGroup", "Name": "Administra\u00e7\u00e3o e CBN TO - GJC"}], "Type": "OrganisationSubGroup", "Name": "R\u00c1DIO SOM JUVENTUDE - GJC"}, {"GroupId": 8099908212700959954, "SubGroups": [{"GroupId": -5149836017739470394, "SubGroups": [], "Type": "SiteGroup", "Name": "R\u00e1dio Som de Gurupi - GJC"}], "Type": "OrganisationSubGroup", "Name": "R\u00c1DIO SOM DE GURUPI - GJC"}, {"GroupId": 2359197563896208633, "SubGroups": [{"GroupId": 4403536258288024742, "SubGroups": [], "Type": "SiteGroup", "Name": "R\u00e1dio Executiva - GJC"}], "Type": "OrganisationSubGroup", "Name": "R\u00c1DIO EXECUTIVA LTDA - GJC"}, {"GroupId": 2103314650130595208, "SubGroups": [{"GroupId": -681737050998519716, "SubGroups": [], "Type": "SiteGroup", "Name": "R\u00e1dio Araguaia - GJC"}], "Type": "OrganisationSubGroup", "Name": "R\u00c1DIO ARAGUAIA - GJC"}, {"GroupId": -5783932925277656223, "SubGroups": [{"GroupId": -3600262627662163524, "SubGroups": [], "Type": "SiteGroup", "Name": "Motoristas - GJC"}], "Type": "OrganisationSubGroup", "Name": "Motoristas - GJC"}, {"GroupId": -3056830444373084850, "SubGroups": [{"GroupId": 195117223825799802, "SubGroups": [], "Type": "SiteGroup", "Name": "Reda\u00e7\u00e3o Palmas - GJC"}, {"GroupId": 6979964663547678429, "SubGroups": [], "Type": "SiteGroup", "Name": "Log\u00edstica de Palmas - GJC"}, {"GroupId": 7900356678186982420, "SubGroups": [], "Type": "SiteGroup", "Name": "Mercado Leitor Palmas - GJC"}, {"GroupId": -3968085906285976082, "SubGroups": [], "Type": "SiteGroup", "Name": "Administrativo - GJC"}], "Type": "OrganisationSubGroup", "Name": "J.C\u00c2MARA & IRM\u00c3OS S/A - PALMAS - GJC"}, {"GroupId": 6787593233962454271, "SubGroups": [{"GroupId": 5634858915675374787, "SubGroups": [], "Type": "SiteGroup", "Name": "Reda\u00e7\u00e3o Popular - GJC"}, {"GroupId": -4791253568137087657, "SubGroups": [], "Type": "SiteGroup", "Name": "Mercado Leitor Goi\u00e2nia - GJC"}, {"GroupId": 5095843089133630274, "SubGroups": [], "Type": "SiteGroup", "Name": "Setor Expedi\u00e7\u00e3o - GJC"}], "Type": "OrganisationSubGroup", "Name": "J.C\u00c2MARA & IRM\u00c3OS S/A - GOI\u00c2NIA - GJC"}, {"GroupId": -2077673261270795421, "SubGroups": [{"GroupId": -5856246648476226926, "SubGroups": [], "Type": "SiteGroup", "Name": "Engenharia Palmas - GJC"}, {"GroupId": 598086952869718033, "SubGroups": [], "Type": "SiteGroup", "Name": "Administrativo  - GJC"}, {"GroupId": -5648428017977562045, "SubGroups": [], "Type": "SiteGroup", "Name": "Telejornalismo Palmas - GJC"}], "Type": "OrganisationSubGroup", "Name": "CENTRO NORTE DE COMUNICA\u00c7\u00c3O LTDA - GJC"}], "Type": "OrganisationSubGroup", "Name": "Jaime C\u00e2mara - GJC - Contrato 002/2016"}, {"GroupId": 189457034107010145, "SubGroups": [{"GroupId": 37539119101594825, "SubGroups": [], "Type": "SiteGroup", "Name": "BS Diagn\u00f3stica - Geral"}, {"GroupId": -8056940151920625195, "SubGroups": [], "Type": "SiteGroup", "Name": "BS Diagn\u00f3stica - Diretoria"}], "Type": "OrganisationSubGroup", "Name": "BS Diagn\u00f3stica - Contrato 0062/2022"}, {"GroupId": -886265055999296992, "SubGroups": [{"GroupId": 7901204513864878726, "SubGroups": [], "Type": "SiteGroup", "Name": "X- Estoque ITA"}], "Type": "OrganisationSubGroup", "Name": "Estoque ITA   Implanta\u00e7\u00e3o  525 / 526"}, {"GroupId": 6971563114749905418, "SubGroups": [], "Type": "SiteGroup", "Name": "Goias Rendering S/A   Contrato 0121/2021"}, {"GroupId": 6943694745485766077, "SubGroups": [{"GroupId": 6790026819277911997, "SubGroups": [], "Type": "SiteGroup", "Name": "Aqualis ve\u00edculos leve"}, {"GroupId": -5970366368788933364, "SubGroups": [], "Type": "SiteGroup", "Name": "Aqualis ve\u00edculos pesado"}], "Type": "OrganisationSubGroup", "Name": "Aqualis Solu\u00e7\u00f5es  Higiene - Contrato 0421/2021"}, {"GroupId": 6770857792055538329, "SubGroups": [], "Type": "SiteGroup", "Name": "Enapa Empresa Nac. Pavimenta\u00e7\u00e3o - Contrato 2304/2023"}, {"GroupId": 7080835322672931329, "SubGroups": [], "Type": "SiteGroup", "Name": "Mori\u00e1 Presta\u00e7\u00e3o de Servi\u00e7os - Contrato: 2305/2023"}, {"GroupId": -3979644735838929266, "SubGroups": [{"GroupId": 7328246862832395586, "SubGroups": [], "Type": "SiteGroup", "Name": "ITAPAR - Veiculo leve"}], "Type": "OrganisationSubGroup", "Name": "ITAPAR - ITA PARTICIPACOES E SERVICOS LTDA  Contrato 2306/2023"}, {"GroupId": 1641977824664662118, "SubGroups": [{"GroupId": 7983951956203472342, "SubGroups": [], "Type": "SiteGroup", "Name": "Hemolabor - Piloto"}], "Type": "OrganisationSubGroup", "Name": "Hemolabor"}, {"GroupId": 5515568300078792886, "SubGroups": [{"GroupId": -4463737715522030832, "SubGroups": [], "Type": "SiteGroup", "Name": "PDCA ENGENHARIA"}], "Type": "OrganisationSubGroup", "Name": "PDCA ENGENHARIA LTDA Contrato 2308/2023"}, {"GroupId": -4159476185231047471, "SubGroups": [], "Type": "SiteGroup", "Name": "Ambiente Consultoria"}, {"GroupId": -5293193477347720527, "SubGroups": [], "Type": "SiteGroup", "Name": "Suporte Sondagens Investiga\u00e7\u00f5es - Contrato: 2309/2023"}], "Type": "OrganisationSubGroup", "Name": "MIXTEL BR - ITA Geral"}], "Type": "OrganisationGroup", "Name": "MIXTEL BR - ITA TRANSPORTES"}